{
"name": "ubaplayer",
"version":"2.0.3",
"title": "UbaPlayer",
"description": "The jQuery HTML5 Audio Player with Flash Fallback.",
"keywords": [
"jquery",
"plugin",
"audio",
"player",
"html5",
"flash",
"fallback"
],
"homepage": "http://brianhadaway.github.io/UbaPlayer/",
"author": {
"name":"Brian Hadaway",
"url": "http://brianhadaway.com"
},
"bugs": "https://github.com/brianhadaway/UbaPlayer/issues",
"licenses": [
{
"type": "MIT",
"url": "https://github.com/jstayton/jquery-manifest/blob/master/LICENSE-MIT"
}
],
"dependencies": {
"jquery": ">=1.8"
},
"docs": "https://github.com/brianhadaway/UbaPlayer/blob/master/README.md",
"demo": "http://brianhadaway.github.io/UbaPlayer/"
}